﻿{"cameraMode":{"drawMode":0,"name":"Shaded","section":"Shading Mode"},"sceneLighting":true,"audioPlay":false,"sceneViewState":{"showFog":true,"showMaterialUpdate":false,"showSkybox":true,"showFlares":true,"showImageEffects":true,"showParticleSystems":true},"in2DMode":false,"pivot":{"x":-7.6749653816223148,"y":-0.2916550636291504,"z":2.166038990020752},"rotation":{"x":-0.09583435207605362,"y":0.5758828520774841,"z":-0.06820593774318695,"w":-0.8090556263923645},"size":11.820186614990235,"orthographic":true}